year_diff,n,n_perc
-7,2,0.7905138339920948
-5,3,1.185770750988142
-3,1,0.3952569169960474
-1,32,12.648221343873518
0,211,83.399209486166
1,3,1.185770750988142
2,1,0.3952569169960474
