City,Classification,Municipal,Verified,Difference (%),"95% Confidence Intervals
(Bootstrap, 1000 Resamples)",len_km_municipal,len_km_verify,len_km_diff,len_km_perc,len_km_diff_ci_lower,len_km_diff_ci_upper,len_km_diff_ci_resamples,len_km_diff_ci_conf,len_km_diff_ci_lower_perc,len_km_diff_ci_upper_perc,len_km_municipal_rd,len_km_verify_rd,len_km_diff_rd,len_km_perc_rd,len_km_diff_ci_lower_rd,len_km_diff_ci_upper_rd,len_km_diff_ci_lower_perc_rd,len_km_diff_ci_upper_perc_rd
Vancouver,Cycle Track,28.4 km,28.3 km,-0.1 km (-0.4%),"-8.4 km (-29.5%), +8.2 km (+29%)",28.360772138731082,28.25226770516866,-0.10850443356242323,-0.3825863168733809,-8.374391308550978,8.2313211610248,1000,0.95,-29.528079375224177,29.023614451538997,28.4,28.3,-0.1,-0.4,-8.4,8.2,-29.5,29
Vancouver,Painted and Buffered Lane,42.8 km,42.1 km,-0.7 km (-1.7%),"-7.7 km (-18.1%), +6.4 km (+15%)",42.78417719349406,42.05288316457248,-0.7312940289215817,-1.7092628090386304,-7.731227105530892,6.397801022559512,1000,0.95,-18.070295171427382,14.953661475421312,42.8,42.1,-0.7,-1.7,-7.7,6.4,-18.1,15
Calgary,Cycle Track,28.8 km,24.7 km,-4.1 km (-14.2%),"-9.6 km (-33.3%), +1.3 km (+4.5%)",28.802963511525412,24.69980452474964,-4.103158986775771,-14.2456139457105,-9.58505184244382,1.281921472978229,1000,0.95,-33.278005711490046,4.450658254194129,28.8,24.7,-4.1,-14.2,-9.6,1.3,-33.3,4.5
Calgary,Painted and Buffered Lane,56.2 km,60.3 km,+4.1 km (7.3%),"-11.4 km (-20.3%), +19.7 km (+35.1%)",56.2368740490119,60.34003303578768,4.1031589867757745,7.296207437134155,-11.408747680866764,19.723444037350458,1000,0.95,-20.286952064447505,35.07208459019426,56.2,60.3,4.1,7.3,-11.4,19.7,-20.3,35.1
Toronto,Cycle Track,73.8 km,69.3 km,-4.5 km (-6.1%),"-35.4 km (-48%), +25.8 km (+35%)",73.77939975989051,69.26115556661769,-4.518244193272821,-6.123991531480476,-35.42103471103598,25.798258636522483,1000,0.95,-48.00938314259951,34.966750502824596,73.8,69.3,-4.5,-6.1,-35.4,25.8,-48,35
Toronto,Painted and Buffered Lane,130.5 km,135 km,+4.5 km (3.5%),"-34.5 km (-26.5%), +46.5 km (+35.6%)",130.48736166088446,135.00560585415727,4.518244193272807,3.462591423232997,-34.54319278424164,46.498095601336814,1000,0.95,-26.47244326543578,35.634175608652306,130.5,135,4.5,3.5,-34.5,46.5,-26.5,35.6
