City,Classification,Municipal,Verified,Difference (%),"95% Confidence Intervals
(Bootstrap, 1000 Resamples)",len_km_diff,len_km_perc,len_km_diff_ci_lower,len_km_diff_ci_upper,len_km_diff_ci_resamples,len_km_diff_ci_conf,len_km_diff_ci_lower_perc,len_km_diff_ci_upper_perc,len_km_municipal_rd,len_km_verify_rd,len_km_diff_rd,len_km_perc_rd,len_km_diff_ci_lower_rd,len_km_diff_ci_upper_rd,len_km_diff_ci_lower_perc_rd,len_km_diff_ci_upper_perc_rd
Vancouver,Cycle Track,28.360772138731082,28.25226770516866,-0.1 (-0.4%),"-8.5 (-30.1%), +7.9 (+27.7%)",-0.10850443356242323,-0.3825863168733809,-8.54935328445004,7.859158869784757,1000,0.95,-30.14499479291171,27.711371296029853,28.4,28.3,-0.1,-0.4,-8.5,7.9,-30.1,27.7
Vancouver,Painted Lane,42.78417719349406,42.05288316457248,-0.7 (-1.7%),"-8.2 (-19.2%), +6.5 (+15.2%)",-0.7312940289215817,-1.7092628090386304,-8.23457431135378,6.514350227731339,1000,0.95,-19.24677497971368,15.22607341090093,42.8,42.1,-0.7,-1.7,-8.2,6.5,-19.2,15.2
Calgary,Cycle Track,28.802963511525412,24.69980452474964,-4.1 (-14.2%),"-9.3 (-32.4%), +1 (+3.6%)",-4.103158986775771,-14.2456139457105,-9.339181556430711,1.0373528326705317,1000,0.95,-32.42437727872574,3.6015489595556316,28.8,24.7,-4.1,-14.2,-9.3,1,-32.4,3.6
Calgary,Painted Lane,56.2368740490119,60.34003303578768,+4.1 (7.3%),"-10.8 (-19.2%), +20.3 (+36.1%)",4.1031589867757745,7.296207437134155,-10.785328425066355,20.32340239636684,1000,0.95,-19.178392482602536,36.138926176185514,56.2,60.3,4.1,7.3,-10.8,20.3,-19.2,36.1
Toronto,Cycle Track,73.77939975989051,69.26115556661769,-4.5 (-6.1%),"-36.6 (-49.6%), +25.4 (+34.4%)",-4.518244193272821,-6.123991531480476,-36.597312819904076,25.396582944228687,1000,0.95,-49.60370095041064,34.42232252753472,73.8,69.3,-4.5,-6.1,-36.6,25.4,-49.6,34.4
Toronto,Painted Lane,130.48736166088446,135.00560585415727,+4.5 (3.5%),"-35.4 (-27.1%), +43.2 (+33.1%)",4.518244193272807,3.462591423232997,-35.36284295888884,43.163988033813,1000,0.95,-27.100588523500956,33.07905645758186,130.5,135,4.5,3.5,-35.4,43.2,-27.1,33.1
