City,Classification,Municipal,Verified,Difference (%),"95% Confidence Intervals
(Bootstrap, 1000 Resamples)",len_km_municipal,len_km_verify,len_km_diff,len_km_perc,len_km_diff_ci_lower,len_km_diff_ci_upper,len_km_diff_ci_resamples,len_km_diff_ci_conf,len_km_diff_ci_lower_perc,len_km_diff_ci_upper_perc,len_km_municipal_rd,len_km_verify_rd,len_km_diff_rd,len_km_perc_rd,len_km_diff_ci_lower_rd,len_km_diff_ci_upper_rd,len_km_diff_ci_lower_perc_rd,len_km_diff_ci_upper_perc_rd
Vancouver,Cycle Track,28.4 km,28.3 km,-0.1 km (-0.4%),"-7.8 km (-27.6%), +8.1 km (+28.4%)",28.360772138731082,28.25226770516866,-0.10850443356242323,-0.3825863168733809,-7.831343247357574,8.051863452808739,1000,0.95,-27.613293492325784,28.390847094789272,28.4,28.3,-0.1,-0.4,-7.8,8.1,-27.6,28.4
Vancouver,Painted and Buffered Lane,42.8 km,42.1 km,-0.7 km (-1.7%),"-8.5 km (-19.9%), +6.6 km (+15.4%)",42.78417719349406,42.05288316457248,-0.7312940289215817,-1.7092628090386304,-8.501255280003143,6.584079885718945,1000,0.95,-19.87009179013937,15.389053424919313,42.8,42.1,-0.7,-1.7,-8.5,6.6,-19.9,15.4
Calgary,Cycle Track,28.8 km,24.7 km,-4.1 km (-14.2%),"-9.4 km (-32.6%), +1.2 km (+4.1%)",28.802963511525412,24.69980452474964,-4.103158986775771,-14.2456139457105,-9.392114540888484,1.1706595695177304,1000,0.95,-32.60815345313429,4.064371949258954,28.8,24.7,-4.1,-14.2,-9.4,1.2,-32.6,4.1
Calgary,Painted and Buffered Lane,56.2 km,60.3 km,+4.1 km (7.3%),"-10.4 km (-18.5%), +19.4 km (+34.5%)",56.2368740490119,60.34003303578768,4.1031589867757745,7.296207437134155,-10.427987988556191,19.423795937610986,1000,0.95,-18.542972320026053,34.53925252083294,56.2,60.3,4.1,7.3,-10.4,19.4,-18.5,34.5
Toronto,Cycle Track,73.8 km,69.3 km,-4.5 km (-6.1%),"-37.2 km (-50.5%), +26.8 km (+36.4%)",73.77939975989051,69.26115556661769,-4.518244193272821,-6.123991531480476,-37.223497576237776,26.846624232249596,1000,0.95,-50.45242669007723,36.387696727839895,73.8,69.3,-4.5,-6.1,-37.2,26.8,-50.5,36.4
Toronto,Painted and Buffered Lane,130.5 km,135 km,+4.5 km (3.5%),"-34.6 km (-26.5%), +36.9 km (+28.3%)",130.48736166088446,135.00560585415727,4.518244193272807,3.462591423232997,-34.56958891565535,36.893176271419684,1000,0.95,-26.492672145135497,28.273371307252788,130.5,135,4.5,3.5,-34.6,36.9,-26.5,28.3
